Row,init_loss,z_i,kap_i,v_i,p_M_i,E_Hb_i,E_Hp_i,final_loss,z_f,kap_f,v_f,p_M_f,E_Hb_f,E_Hp_f,convergence,n_runs,n_iter,execution_time,error,error_message
Turdus_merula,0.658374880753883,1.0989,0.97209,0.021129,9229.0594,29.9,686,0.221103815927922,1.35955603260064,0.970629458115496,0.0261020930882033,4954.25005602706,19.2036600380509,417.420712698419,1,2,864,104.8079925,0,
