Row,init_loss,z_i,kap_i,v_i,p_M_i,E_Hb_i,E_Hp_i,final_loss,z_f,kap_f,v_f,p_M_f,E_Hb_f,E_Hp_f,convergence,n_runs,n_iter,execution_time,error,error_message
Trichiurus_lepturus,0.0407988683988911,13.3283441450591,0.935604163575082,0.0532336814360792,19.3403599704732,0.0864598390282699,10779.2997302425,0.040798861139919,13.3282553575448,0.935603754880951,0.0532355905179676,19.3404495825783,0.0864598389773317,10778.3166197168,0,1,500,11.915128,0,
