Row,init_loss,z_i,kap_i,v_i,p_M_i,E_Hb_i,E_Hp_i,final_loss,z_f,kap_f,v_f,p_M_f,E_Hb_f,E_Hp_f,convergence,n_runs,n_iter,execution_time,error,error_message
Macropus_rufus,0.389607531702348,21.0905,0.81728,0.052492,36.5113,428.1,13070000,0.389606811665877,21.0616233552085,0.817177249570002,0.0523288518917406,36.6403842034922,426.960326259496,13071782.4483805,0,1,500,10.665807,0,
Saxicola_rubicola,NaN,1.2899,0.8528,0.031226,1402.6652,1084,12720,NaN,NaN,NaN,NaN,NaN,NaN,NaN,0,0,0,0.561168,1,predict_filter
Lepisma_saccharina,0.323688814896819,0.16329,0.88902,0.0039985,116.4678,0.1024,2.779,0.32309128626727,0.163560733130204,0.889183223455021,0.00403708992771413,116.176065768177,0.101904546907383,2.78023452516468,1,3,1386,66.2493815,0,
Daphnia_cucullata,0.189020517327584,0.042448,0.80078,0.022523,1400,0.0009989,0.01407,0.185546047510244,0.0407228388537833,0.798178987066664,0.0183382802752759,1400,0.000864900274250638,0.0139884340547855,0,2,1000,17.0675753,0,
Sarda_sarda,2.05826271655918,2.6022,0.95514,0.025476,2256.0697,0.001288,38890,0.15333566436092,3.78217843745214,0.963220616578236,0.025476,4226.51163447585,0.00131122410960696,38239.6840165524,0,20,10000,713.6509049,0,
Eucinostomus_gula,0.043589498453892,3.0278,0.95477,0.024221,33.542,0.007517,841.5,0.0384168159398451,3.00813188822228,0.952218905963043,0.024221,33.7400385903339,0.0081366585391176,915.456991066257,0,6,3000,232.3865804,0,
