metric,agg,p_Am,kap,v,p_M,E_Hb,E_Hj,E_Hp,k_J,s_M
log_accuracy_ratio,mean,1.270136554344056,0.1561730908820156,0.8175793674993963,1.4811109556161242,1.142470397264838,2.7730471119234017,0.9112199991564697,1.8079304058985448,0.8012227310437433
log_accuracy_ratio,std,2.8605059047458665,0.2902582590953379,1.506862405464418,4.294510900752538,1.246137636425405,2.5171221486308473,0.9222163842430898,3.658585636550621,0.8612034036466512
symmetric_mean_absolute_percentage_error,mean,35.59517698969364,7.390810920852027,28.180835286835453,32.837779302888734,40.37186366775512,66.56874894272843,36.14200662682219,46.581800466108156,32.2886434820337
symmetric_mean_absolute_percentage_error,std,34.88845021823276,7.24766280807211,27.622036877994525,32.18684449399736,39.56915828182504,65.24036377249206,35.42356757840828,45.65358727420641,31.64844015209513
mean_deb_loss,mean,0.2835290900584614,0.03669790993408908,0.20590916433837939,0.2561925876828939,0.3304235770624114,0.6153145756303212,0.28463632725650867,0.39984467812782826,0.26400445690125435
mean_deb_loss,std,0.31858080337917566,0.10504864532000814,0.26094927268827073,0.3228997678029709,0.32954591013658513,0.3593801167873208,0.2958405549899271,0.2895338042656744,0.29262030833356684
mean_absolute_percentage_error,mean,11080366.241405528,0.13254980879763173,0.7415507821767185,183033762599.60297,11.43558429908857,2.7596526893331523,4.459025129433378,7661146.867513064,0.413317236964378
